date,pmc_volume_index
2000-01-01,46.56262
2000-02-01,47.08777
2000-03-01,49.10081
2000-04-01,49.10081
2000-05-01,51.11386
2000-06-01,48.66319
2000-07-01,50.41367
2000-08-01,50.23862
2000-09-01,49.01329
2000-10-01,49.97605
2000-11-01,50.85129
2000-12-01,70.10651
2001-01-01,47.43786
2001-02-01,44.72463
2001-03-01,50.32614
2001-04-01,48.13805
2001-05-01,49.97605
2001-06-01,48.05053
2001-07-01,48.3131
2001-08-01,49.62596
2001-09-01,47.61291
2001-10-01,50.58872
2001-11-01,49.62596
2001-12-01,68.18099
2002-01-01,46.91272
2002-02-01,44.02444
2002-03-01,50.50119
2002-04-01,47.17529
2002-05-01,50.58872
2002-06-01,47.17529
2002-07-01,49.18834
2002-08-01,50.76376
2002-09-01,46.91272
2002-10-01,50.85129
2002-11-01,49.62596
2002-12-01,64.68004
2003-01-01,44.81215
2003-02-01,43.32425
2003-03-01,44.72463
2003-04-01,45.42482
2003-05-01,47.43786
2003-06-01,44.46205
2003-07-01,47.00024
2003-08-01,47.87548
2003-09-01,45.59986
2003-10-01,49.36338
2003-11-01,49.53843
2003-12-01,66.78061
2004-01-01,47.52539
2004-02-01,45.51234
2004-03-01,49.62596
2004-04-01,50.06357
2004-05-01,52.51424
2004-06-01,50.23862
2004-07-01,52.68929
2004-08-01,51.11386
2004-09-01,49.801
2004-10-01,53.477
2004-11-01,52.60176
2004-12-01,74.39517
2005-01-01,50.50119
2005-02-01,46.4751
2005-03-01,53.477
2005-04-01,51.72652
2005-05-01,53.91462
2005-06-01,52.86433
2005-07-01,55.05243
2005-08-01,54.61481
2005-09-01,52.51424
2005-10-01,55.49004
2005-11-01,55.22747
2005-12-01,78.07117
2006-01-01,53.82709
2006-02-01,49.36338
2006-03-01,55.05243
2006-04-01,55.57757
2006-05-01,57.94071
2006-06-01,54.9649
2006-07-01,56.27776
2006-08-01,58.11576
2006-09-01,57.76566
2006-10-01,59.34109
2006-11-01,60.21633
2006-12-01,82.53488
2007-01-01,58.37833
2007-02-01,53.82709
2007-03-01,61.44166
2007-04-01,59.86623
2007-05-01,64.06737
2007-06-01,61.26661
2007-07-01,61.52918
2007-08-01,64.06737
2007-09-01,62.49194
2007-10-01,65.03013
2007-11-01,66.43051
2007-12-01,90.32449
2008-01-01,65.20518
2008-02-01,60.74147
2008-03-01,68.26851
2008-04-01,65.03013
2008-05-01,71.15679
2008-06-01,66.25546
2008-07-01,68.44356
2008-08-01,70.36908
2008-09-01,68.35603
2008-10-01,71.50689
2008-11-01,69.84394
2008-12-01,93.73792
2009-01-01,69.14375
2009-02-01,63.01709
2009-03-01,69.14375
2009-04-01,69.66889
2009-05-01,73.16984
2009-06-01,70.01898
2009-07-01,72.55717
2009-08-01,73.69498
2009-09-01,71.85698
2009-10-01,77.63355
2009-11-01,75.79555
2009-12-01,102.40276
2010-01-01,76.32069
2010-02-01,70.71917
2010-03-01,79.99669
2010-04-01,76.05812
2010-05-01,80.69688
2010-06-01,77.98364
2010-07-01,80.60936
2010-08-01,81.48459
2010-09-01,80.43431
2010-10-01,84.37288
2010-11-01,83.32259
2010-12-01,112.90561
2011-01-01,82.6224
2011-02-01,76.75831
2011-03-01,83.14754
2011-04-01,83.84773
2011-05-01,85.77326
2011-06-01,83.49764
2011-07-01,86.2984
2011-08-01,86.64849
2011-09-01,84.54792
2011-10-01,87.96135
2011-11-01,88.92411
2011-12-01,120.43265
2012-01-01,89.01163
2012-02-01,84.89802
2012-03-01,93.56287
2012-04-01,88.83659
2012-05-01,92.77515
2012-06-01,91.28725
2012-07-01,92.51258
2012-08-01,95.31334
2012-09-01,91.81239
2012-10-01,96.01353
2012-11-01,96.36363
2012-12-01,126.55931
2013-01-01,94.35058
2013-02-01,84.63545
2013-03-01,97.76401
2013-04-01,90.32449
2013-05-01,96.88877
2013-06-01,92.77515
2013-07-01,98.1141
2013-08-01,101.17743
2013-09-01,95.66344
2013-10-01,101.17743
2013-11-01,103.19048
2013-12-01,131.46064
2014-01-01,100.38972
2014-02-01,91.98744
2014-03-01,96.71372
2014-04-01,96.36363
2014-05-01,101.35248
2014-06-01,93.65039
2014-07-01,97.23886
2014-08-01,100.21467
2014-09-01,96.18858
2014-10-01,103.36553
2014-11-01,104.67838
2014-12-01,131.81074
2015-01-01,100.91486
2015-02-01,88.92411
2015-03-01,96.97629
2015-04-01,93.21277
2015-05-01,96.80125
2015-06-01,91.1122
2015-07-01,93.47534
2015-08-01,93.3003
2015-09-01,90.14944
2015-10-01,97.50144
2015-11-01,96.53867
2015-12-01,122.27065
2016-01-01,90.23697
2016-02-01,85.16059
2016-03-01,91.4623
2016-04-01,86.82354
2016-05-01,88.1364
2016-06-01,86.73602
2016-07-01,88.22392
2016-08-01,88.1364
2016-09-01,84.98554
2016-10-01,89.6243
2016-11-01,92.86268
2016-12-01,116.31904
2017-01-01,89.14016
2017-02-01,82.01325
2017-03-01,88.51857
2017-04-01,88.30573
2017-05-01,90.42847
2017-06-01,89.23752
2017-07-01,90.94292
2017-08-01,91.27847
2017-09-01,90.28732
2017-10-01,91.94171
2017-11-01,98.43241
2017-12-01,120.9274
2018-01-01,91.95579
2018-02-01,83.25285
2018-03-01,95.63502
2018-04-01,88.94832
2018-05-01,92.90176
2018-06-01,90.65535
2018-07-01,90.06749
2018-08-01,94.99743
2018-09-01,90.44022
2018-10-01,93.73739
2018-11-01,102.87858
2018-12-01,121.74368
2019-01-01,93.68782
2019-02-01,86.56867
2019-03-01,91.38843
2019-04-01,90.53404
2019-05-01,93.82238
2019-06-01,90.76676
2019-07-01,93.90554
2019-08-01,96.31029
2019-09-01,92.44497
2019-10-01,97.72331
2019-11-01,106.07645
2019-12-01,124.92782
2020-01-01,95.01804
2020-02-01,90.61413
2020-03-01,90.34239
2020-04-01,75.01668
2020-05-01,86.8962
2020-06-01,91.20908
2020-07-01,99.06405
2020-08-01,102.25301
2020-09-01,99.17828
2020-10-01,105.8898
2020-11-01,109.85013
2020-12-01,126.51201
2021-01-01,94.63845
2021-02-01,87.09135
2021-03-01,92.35696
2021-04-01,92.81474
2021-05-01,100.74772
2021-06-01,96.99321
2021-07-01,104.75813
2021-08-01,98.09983
2021-09-01,94.04461
2021-10-01,98.65443
2021-11-01,105.23216
2021-12-01,122.78603
2022-01-01,93.22962
2022-02-01,88.20452
2022-03-01,96.92398
2022-04-01,96.98576
2022-05-01,100.59259
2022-06-01,96.86423
2022-07-01,99.1827
2022-08-01,99.6294
2022-09-01,97.0433
2022-10-01,101.35957
2022-11-01,106.66694
2022-12-01,123.31739
2023-01-01,95.76611
2023-02-01,89.27505
2023-03-01,100.27768
2023-04-01,97.53955
2023-05-01,99.57233
2023-06-01,98.26606
2023-07-01,101.67025
2023-08-01,102.12442
2023-09-01,100.19779
2023-10-01,101.51743
2023-11-01,109.42248
2023-12-01,124.93408
2024-01-01,99.59489
2024-02-01,95.83814
2024-03-01,105.27825
2024-04-01,98.91164
2024-05-01,106.56448
2024-06-01,101.571
2024-07-01,105.56995
2024-08-01,106.82036
2024-09-01,101.77943
2024-10-01,107.61626
2024-11-01,114.37145
2024-12-01,126.6318
2025-01-01,102.73807
2025-02-01,97.386
2025-03-01,104.48897
2025-04-01,104.2224
2025-05-01,108.5358
2025-06-01,102.09587
2025-07-01,106.89733
2025-08-01,107.19768
2025-09-01,102.67319
2025-10-01,108.70921
2025-11-01,116.0521
2025-12-01,129.65052
2026-01-01,105.5295
2026-02-01,97.77609
2026-03-01,108.63961
